best_model,rmse_test,mae_test,r2_test,mape_test,rmsle_test,params
Linear,4567.93094133649,2760.610774563594,0.8655963698748486,29.367656289394123,0.3944798762615416,{}
